Category,Functional or not,properties.name,,properties.lga_name,properties.type
Specialist Hospital,Functional,Nakowa Specialist Hospital,,Maiduguri,Tertiary
Specialist Hospital,Functional,Maiduguri State Specialist Hospital,,Maiduguri,Tertiary
Specialist Hospital,Functional,Royal Specialist Hospital,,Jere,Tertiary
Specialist Hospital,Functional,Alpine Specialist Hospital,,Maiduguri,Tertiary
Specialist Hospital,Functional,Federal Neuro Psychiatric Hospital,,Maiduguri,Tertiary
Specialist Hospital,Functional,Chest Diseases Screening Center,,Maiduguri,Tertiary
Specialist Hospital,Functional,Borno Orthopaedic Center,,Maiduguri,Tertiary
Specialist Hospital,Functional,State Psychatric Hospital,,Maiduguri,Tertiary
Medical Center,Functional,Unimed Medical Center,,Jere,Tertiary
Specialist Hospital,Functional,Federal Neuro Psychiatry,,Goronyo,Tertiary
Specialist Hospital,Functional,Uni Jos Bio Filed Res Center,,Langtang South,Tertiary
Specialist Hospital,Functional,St Marks Childrens Specialist Clinic,,Abakaliki,Tertiary
Specialist Hospital,Functional,Child Care Specialist Childrens Hospital,,Yenegoa,Tertiary
Specialist Hospital,Functional,Queens Specialist Hospital,,Kosofe,Tertiary
Specialist Hospital,Functional,Chiemeries Group Specialist Homoeopathic Hospital,,Orumba South,Tertiary
Specialist Hospital,Functional,St Bridgets Specialist Hospital,,Enugu East,Tertiary
Specialist Hospital,Functional,Christ The King Specialist Children Hospital,,Onitsha South,Tertiary
Specialist Hospital,Functional,Smile Specialist Hospital,,Abakaliki,Tertiary
Specialist Hospital,Functional,Good Shepherd Specialist Clinic,,Ohaozara,Tertiary
Specialist Hospital,Functional,Ebelechukwu Specialist Eye Clinic,,Ebonyi,Tertiary
Specialist Hospital,Functional,Grace and Truth Specialist Children Hospital,,Ebonyi,Tertiary
Specialist Hospital,Functional,Chukwuemeka Specialist Hospital,,Afikpo North,Tertiary
Specialist Hospital,Functional,Trinity Group Specialist Hospital,,Abakaliki,Tertiary
Specialist Hospital,Functional,Mandg Specialist Hospital,,Abakaliki,Tertiary
Specialist Hospital,Functional,Jomic Group Specialist Clinic,,Abakaliki,Tertiary
Specialist Hospital,Functional,Grasam Specialist Children Hospital,,Ebonyi,Tertiary
Specialist Hospital,Functional,Jehovah Shalom Specialist Hospital,,Lagelu,Tertiary
Specialist Hospital,Functional,Camaria Specialist Hospital,,Ibadan North,Tertiary
Specialist Hospital,Functional,The Family Specialist Hospital,,Ibadan North,Tertiary
Specialist Hospital,Functional,Samron Specialist Hospital,,Ibadan South West,Tertiary
Specialist Hospital,Functional,Banby Specialist Hospital,,Lagelu,Tertiary
Specialist Hospital,Functional,Gods Favour Specialist Hospital,,Lagelu,Tertiary
Specialist Hospital,Functional,Kaykay Specialist Hospital,,Lagelu,Tertiary
Specialist Hospital,Functional,Oluwafemi Specialist Hospital,,Ido,Tertiary
Specialist Hospital,Functional,Femi Specialist Hospital,,Ibadan North,Tertiary
Specialist Hospital,Functional,Zoe Specialist Mission Hospital,,Ibadan South West,Tertiary
Specialist Hospital,Functional,New World Specialist Hospital,,Ibadan South West,Tertiary
Specialist Hospital,Functional,Skyline Specialist Hospital,,Ibadan North East,Tertiary
Specialist Hospital,Functional,Molly Specialist Hospital,,Ibadan North East,Tertiary
Specialist Hospital,Functional,Teju Specialist Hospital,,Ibadan South West,Tertiary
Specialist Hospital,Functional,Access Specialist,,Ido,Tertiary
Specialist Hospital,Functional,Adeoye Memorial Specialist Hospital,,Ibadan North West,Tertiary
Specialist Hospital,Functional,Jones Specialist Hospital,,Alimosho,Tertiary
Specialist Hospital,Functional,Tmac Specialist Hospital,,Ikeja,Tertiary
Specialist Hospital,Functional,Western Care Specialist Hospital,,Alimosho,Tertiary
Specialist Hospital,Functional,Bose Specialist Hospital,,Oshodi/Isolo,Tertiary
Specialist Hospital,Functional,Ayodele Specialist Hospital,,Agege,Tertiary
Specialist Hospital,Functional,Taal Specialist Hospital,,Ikeja,Tertiary
Specialist Hospital,Functional,Newgate Specialist Hospital,,Ikeja,Tertiary
Specialist Hospital,Functional,Brighthope Specialist Hospitals,,Ikeja,Tertiary
Specialist Hospital,Functional,De Right Source Specialist Hospital,,Ikeja,Tertiary
Specialist Hospital,Functional,Medin Specialist Hospital,,Kosofe,Tertiary
Specialist Hospital,Functional,Adetola Specialist Hospital,,Kosofe,Tertiary
Specialist Hospital,Functional,Evergreen Specialist Hospital,,Awka South,Tertiary
Specialist Hospital,Functional,Amen Specialist Clinic,,Awka South,Tertiary
Specialist Hospital,Functional,Esomchi Specialist Hospital,,Awka South,Tertiary
Specialist Hospital,Functional,Beautiful Gate Specialist Hospital,,Idemili South,Tertiary
Specialist Hospital,Functional,Marie Specialist Clinics,,Ihiala,Tertiary
Specialist Hospital,Functional,Mercy Specialist Hospital,,Idemili South,Tertiary
Specialist Hospital,Functional,Gabro Specialist Hospital,,Nnewi North,Tertiary
Specialist Hospital,Functional,Onyebuchi Specialist Dental Clinic,,Nnewi North,Tertiary
Specialist Hospital,Functional,Ojiofor Specialist Hospital,,Nnewi North,Tertiary
Specialist Hospital,Functional,Crest Specialist Hospital,,Awka South,Tertiary
Specialist Hospital,Functional,Evans Specialist Hospital,,Ihiala,Tertiary
Specialist Hospital,Functional,Mbaegbu Homeopathic Specialist Hospital,,Anaocha,Tertiary
Specialist Hospital,Functional,Chidinma Specialist Hospital,,Umuahia North,Tertiary
Specialist Hospital,Functional,Eleon Specialist Hospital,,Aba North,Tertiary
Specialist Hospital,Functional,Princess Mary Specialist Hospital,,Obi Nwga,Tertiary
Specialist Hospital,Functional,Evangel Specialist Hospital,,Aba North,Tertiary
Specialist Hospital,Functional,Rivival Specialist Hospital,,Bende,Tertiary
Specialist Hospital,Functional,Cns Kornastone Specialist Hospital,,Umuahia North,Tertiary
Specialist Hospital,Functional,Mapel Specialist Clinic,,Umuahia North,Tertiary
Specialist Hospital,Functional,Priscilla Memorial Specialist Hospital,,Umuahia North,Tertiary
Specialist Hospital,Functional,Quick Health Specialist Clinic,,Umuahia North,Tertiary
Specialist Hospital,Functional,Sonoray Radio Diagnostic Specialists,,Umuahia North,Tertiary
Specialist Hospital,Functional,Abba Specialist Clinic,,Umuahia North,Tertiary
Specialist Hospital,Functional,King of Kings Specialist Hospital,,Ohafia,Tertiary
Specialist Hospital,Functional,Ezewazie Specialist Hospital,,Awka South,Tertiary
Specialist Hospital,Functional,St Deborah Specialist Hospital,,Lagelu,Tertiary
Specialist Hospital,Functional,Tee Jay Specialist Hospital,,Ibadan North East,Tertiary
Specialist Hospital,Functional,Anuoluwa Specialist Hospital,,Ido,Tertiary
Specialist Hospital,Functional,Sabana Specialist Hospital,,Gombe,Tertiary
Specialist Hospital,Functional,Prime Specialist Hospital,,Osogbo,Tertiary
Specialist Hospital,Functional,Mc Donalds Specialist Hospital,,Kosofe,Tertiary
Specialist Hospital,Functional,St Francis Specialist Hospital,,Idemili South,Tertiary
Specialist Hospital,Functional,Faith Specialist,,Idemili South,Tertiary
Specialist Hospital,Functional,Climax Specialist Hospital,,Awka South,Tertiary
Specialist Hospital,Functional,Providence Children Specialist Hospital,,Nnewi North,Tertiary
Specialist Hospital,Functional,Ikedife Specialist Hospital,,Nnewi North,Tertiary
Specialist Hospital,Functional,Spot Light Specialist Hospital,,Awka South,Tertiary
Specialist Hospital,Functional,Royal Care Specialist Hospital,,Awka South,Tertiary
Specialist Hospital,Functional,Sefton Specialist Hospital,,Awka South,Tertiary
Specialist Hospital,Functional,Ozondu Specialist Hospital,,Ihiala,Tertiary
Specialist Hospital,Functional,Hope Specialist Hospital,,Nnewi North,Tertiary
Specialist Hospital,Functional,Grace and Trust Specialist Hospital,,Nnewi North,Tertiary
Specialist Hospital,Functional,Balsem Van Gilead Specialist Clinics,,Nnewi North,Tertiary
Specialist Hospital,Functional,Chukwualuka Specialist Clinic,,Awka South,Tertiary
Specialist Hospital,Functional,Prime Specialist Hospital,,Aguata,Tertiary
Specialist Hospital,Functional,Dionye Memorial Specialist Hospital,,Aguata,Tertiary
Specialist Hospital,Functional,Ihunanya Specialist Hospital,,Osisioma Ngwa,Tertiary
Specialist Hospital,Functional,Restoration Specialist Hospital,,Umuahia North,Tertiary
Specialist Hospital,Functional,Idowu Specialist Hospital,,Ikeja,Tertiary
Specialist Hospital,Functional,The Premier Specialist Hospital,,Eti Osa,Tertiary
Specialist Hospital,Functional,Lifegate Specialist Hospital Limited,,Ikeja,Tertiary
Specialist Hospital,Functional,The St John Specialist Hospital Limited,,Oshodi/Isolo,Tertiary
Specialist Hospital,Functional,Divine Specialist Clinic,,Kosofe,Tertiary
Specialist Hospital,Functional,Affermite Specialist Hospital,,Kosofe,Tertiary
Specialist Hospital,Functional,Ejim Community Specialist Hospital,,Obowo,Tertiary
Specialist Hospital,Functional,Munachi Specialist Hospital,,Oru East,Tertiary
Specialist Hospital,Functional,New Hope Specialist Hospital,,Orlu,Tertiary
Specialist Hospital,Functional,Cambria Specialist Hospital,,Orlu,Tertiary
Specialist Hospital,Functional,Magodo Specialist Hospital,,Kosofe,Tertiary
Specialist Hospital,Functional,Day Spring Specialist Hospital,,Eti Osa,Tertiary
Specialist Hospital,Functional,Esiri Specialist Hospital,,Ikorodu,Tertiary
Specialist Hospital,Functional,Crystal Specialist Hospital,,Alimosho,Tertiary
Specialist Hospital,Functional,Odus Specialist Clinic,,Mushin,Tertiary
Specialist Hospital,Functional,Primrose Specialist Hospital,,Shomolu,Tertiary
Specialist Hospital,Functional,Niavana Specialist Hospital,,Ughelli North,Tertiary
Specialist Hospital,Functional,Fortcare Specialist Hospital,,Oshodi/Isolo,Tertiary
Specialist Hospital,Functional,Peterhoff Specialist Hospital,,Oshodi/Isolo,Tertiary
Specialist Hospital,Functional,Meghan Specialist Clinic,,Agege,Tertiary
Specialist Hospital,Functional,Elegbeleye Specialist Hospital,,Kosofe,Tertiary
Specialist Hospital,Functional,Heals Specialist Clinic,,Oshodi/Isolo,Tertiary
Specialist Hospital,Functional,Skipper Eye Q Specialist Hospital,,Eti Osa,Tertiary
Specialist Hospital,Functional,Leverage Hospital Specialist Clinic,,Ojo,Tertiary
Specialist Hospital,Functional,Regenesis Fertility Specialist Hospital,,Ikeja,Tertiary
Specialist Hospital,Functional,Healthy Living Specialist Hospital,,Surulere,Tertiary
Specialist Hospital,Functional,Ajayi Specialist Hospital,,Ikorodu,Tertiary
Specialist Hospital,Functional,Prince of Peace Specialist Clinic,,Ikorodu,Tertiary
Specialist Hospital,Functional,Genesis Specialist Hospital,,Ikeja,Tertiary
Specialist Hospital,Functional,Ostard Specialist Hospital,,Ajeromi/Ifelodun,Tertiary
Specialist Hospital,Functional,First Health Specialist Clinic,,Lagos Mainland,Tertiary
Specialist Hospital,Functional,Parklande Specialist Hospital,,Surulere,Tertiary
Specialist Hospital,Functional,Optimal Specialist Hospital,,Surulere,Tertiary
Specialist Hospital,Functional,Havana Specialist Hospital,,Surulere,Tertiary
Specialist Hospital,Functional,Princess Zekinah Specialist Hospital,,Eti Osa,Tertiary
Specialist Hospital,Functional,In Land Specialist Hospital,,Kosofe,Tertiary
Specialist Hospital,Functional,Bolasad Specialist Hospital,,Agege,Tertiary
Specialist Hospital,Functional,Boundary Specialist Homeopathic Clinic,,Surulere,Tertiary
Specialist Hospital,Functional,The Point Specialist Hospital,,Surulere,Tertiary
Specialist Hospital,Functional,Jalupon Specialist Clinic,,Surulere,Tertiary
Specialist Hospital,Functional,Alban Specialist Hospital,,Ikeja,Tertiary
Specialist Hospital,Functional,Boundary Specialist Homeopaedic,,Ikeja,Tertiary
Specialist Hospital,Functional,Iduna Specialist Hospital,,Apapa,Tertiary
Specialist Hospital,Functional,Dominion Specialist Clinic,,Kosofe,Tertiary
Specialist Hospital,Functional,Outreach Specialist Hospital,,Amuwo Odofin,Tertiary
Specialist Hospital,Functional,Charles Henry Specialist Hospital,,Amuwo Odofin,Tertiary
Specialist Hospital,Functional,Baefem Specialist Hospital,,Eti Osa,Tertiary
Specialist Hospital,Functional,Assumpta Specialist Hospital,,Abakaliki,Tertiary
Specialist Hospital,Functional,Ekeoma Memorial Specialist Hospital,,Aba North,Tertiary
Specialist Hospital,Functional,Jesus Our Physician Specialist Hospital,,Awka South,Tertiary
Specialist Hospital,Functional,Ceflow Specialist Hospital and Diagnostic Center,,Awka South,Tertiary
Specialist Hospital,Functional,Lafi Kowa Specialist Hospital,,Odogbolu,Tertiary
Specialist Hospital,Functional,Tolu Specialist Clinic,,Ijebu Ode,Tertiary
Specialist Hospital,Functional,Olu Ola Specialist Hospital,,Ijebu Ode,Tertiary
Specialist Hospital,Functional,Oyin Specialist Hospital,,Odogbolu,Tertiary
Specialist Hospital,Functional,Otta Central Specialist Hospital,,Ado Odo/Ota,Tertiary
Specialist Hospital,Functional,Akobi Specialist Hospital,,Ijebu Ode,Tertiary
Specialist Hospital,Functional,Faith Specialist Hospital,,Ado Odo/Ota,Tertiary
Specialist Hospital,Functional,Ayotola Specialist Hospital,,Shagamu,Tertiary
Specialist Hospital,Functional,Applause Specialist Hospital,,Ado Odo/Ota,Tertiary
Specialist Hospital,Functional,Holy Trinity Specialist Hospital,,Makurdi,Tertiary
Specialist Hospital,Functional,New Specialist Hospital,,Okpokwu,Tertiary
Specialist Hospital,Functional,Service Assurance Specialist Hospital,,Makurdi,Tertiary
Specialist Hospital,Functional,El Shaddai Specialist Hospital,,Makurdi,Tertiary
Specialist Hospital,Functional,Izundu Specialist Hospital,,Oji-River,Tertiary
Specialist Hospital,Functional,Alcokon Specialist Hospital,,Enugu North,Tertiary
Specialist Hospital,Functional,Chidubem Specialist Hospital,,Nsukka,Tertiary
Specialist Hospital,Functional,Kogi State Specialist Hospital,,Lokoja,Tertiary
Specialist Hospital,Functional,Heaven Specialist Clinic,,Gombe,Tertiary
Specialist Hospital,Functional,Wayep Specialist Hospital,,Langtang South,Tertiary
Specialist Hospital,Functional,Eldin Specialist Hospital,,Jos North,Tertiary
Specialist Hospital,Functional,Adoose Specialist Hospital,,Jos North,Tertiary
Specialist Hospital,Functional,Parkvlew Specialist Hospital,,Jos South,Tertiary
Specialist Hospital,Functional,Bukuru Specialist Hospital,,Jos South,Tertiary
Specialist Hospital,Functional,Maranatha Specialist,,Jos North,Tertiary
Specialist Hospital,Functional,Kauna Specialist Hospital,,Jos North,Tertiary
Specialist Hospital,Functional,Divine Grace Specialist Hospital,,Anaocha,Tertiary
Specialist Hospital,Functional,Niger Optical Services,,Ebonyi,Tertiary
Specialist Hospital,Functional,Igbogene Tuberculosis and Leprosy Referral Center,,Yenegoa,Tertiary
Specialist Hospital,Functional,Aremo Government Dental Center,,Ibadan North East,Tertiary
Specialist Hospital,Functional,Infant Welfare Clinic,,Aboh-Mbaise,Tertiary
Specialist Hospital,Functional,Kuje Dental and Eye Clinic,,Amuwo Odofin,Tertiary
Specialist Hospital,Functional,Vision Capital Eye,,Kosofe,Tertiary
Specialist Hospital,Functional,Doren Specialist Hospital,,Eti Osa,Tertiary
Specialist Hospital,Functional,Imo State Specialist Hospital,,Owerri Municipal,Tertiary
Laboratory,Functional,Isinkin Laboratory,,Ilesha West,Tertiary
Specialist Hospital,Functional,Anka Psychaitric Hospital,,Anka,Tertiary
Specialist Hospital,Functional,Imperial Specialist Hospital,,Enugu North,Tertiary
Specialist Hospital,Functional,Dorcas Specialist Hospital,,Lagelu,Tertiary
Specialist Hospital,Functional,Christ The King Specialist Hospital,,Idemili South,Tertiary
Specialist Hospital,Functional,Amex Specialist,,Idemili North,Tertiary
Specialist Hospital,Functional,Joha Specialist Hospital,,Egbeda,Tertiary
Specialist Hospital,Functional,Olive Multi Specialist Hospital,,Eti Osa,Tertiary
Specialist Hospital,Functional,Rabonni Specialist Hospital,,Shomolu,Tertiary
Specialist Hospital,Functional,Libra Specialist Hospital,,Surulere,Tertiary
Specialist Hospital,Functional,Ab Specialist Hospital,,Surulere,Tertiary
Specialist Hospital,Functional,Mabadeje Specialist Hospital,,Shomolu,Tertiary
Specialist Hospital,Functional,St Mary Specialist Hospital,,Ikorodu,Tertiary
Specialist Hospital,Functional,Doctors Specialist Hospital,,Ebonyi,Tertiary
Specialist Hospital,Functional,Victory Specialist Hospital,,Ijebu North,Tertiary
Specialist Hospital,Functional,Pillar Specialist Clinic,,Shagamu,Tertiary
Specialist Hospital,Functional,Obinwanne Specialist Hospital,,Njikoka,Tertiary
Specialist Hospital,Functional,St Felix Catholic Specialist Hospital,,Nnewi North,Tertiary
Specialist Hospital,Functional,Immaculate Heart of Mary Specialist Hospital,,Anambra East,Tertiary
Specialist Hospital,Functional,Regina Celia Specialist Hospital,,Awka South,Tertiary
Specialist Hospital,Functional,Marist Specialist Hospital,,Isuikwuato,Tertiary
Specialist Hospital,Functional,Chartered Society of Hants Specialist Hospital,,Aguata,Tertiary
Specialist Hospital,Functional,Sevav Specialist Hospital,,Gboko,Tertiary
Specialist Hospital,Functional,Queen Medina Specialist Hospital,,Etsako West,Tertiary
Specialist Hospital,Functional,Mg Specialist Hospital,,Etsako West,Tertiary
Specialist Hospital,Functional,Moniya Tuberculosis and Leprosy Clinic,,Akinyele,Tertiary
Specialist Hospital,Functional,Oyo State Hospitals Dental Center,,Oyo West,Tertiary
Specialist Hospital,Functional,Irua Specialist Teaching Hospital,,Esan South-East,Tertiary
Specialist Hospital,Functional,Ekotedo Dental Center,,Ibadan North West,Tertiary
Specialist Hospital,Functional,City of Refuge Specialist Clinic,,Nnewi North,Tertiary
Specialist Hospital,Functional,Umulumgbe Specialist Hospital,,Udi,Tertiary
Specialist Hospital,Functional,Igbob National Orthopaedic Hospital,,Shomolu,Tertiary
Specialist Hospital,Functional,Enugu Federal Neuropsychiatric Hospital,,Enugu North,Tertiary
Specialist Hospital,Functional,Gombe State Specialist Hospital,,Gombe,Tertiary
Specialist Hospital,Functional,Abia State Specialists Hospital and Diagonistic Center,,Umuahia North,Tertiary
Specialist Hospital,Functional,Leprosy Research and Referral Center,,Bende,Tertiary
Specialist Hospital,Functional,Obosi Psychiatric Rehabilitation Center,,Idemili North,Tertiary
Medical Center,Functional,Hope Medical Center,,Ila,Tertiary
Specialist Hospital,Functional,Amex Specialist Hospital,,Nnewi North,Tertiary
Specialist Hospital,Functional,Sabico Specialist Hospital,,Agege,Tertiary
Specialist Hospital,Functional,Sekafem Specialist Hospital,,Ifako/Ijaye,Tertiary
Specialist Hospital,Functional,Empire Specialist Hospital,,Ikorodu,Tertiary
Specialist Hospital,Functional,St Elizabeth Specialist Hospital,,Ibadan South West,Tertiary
Specialist Hospital,Functional,Remedy Specialist Hospital,,Egbedore,Tertiary
Specialist Hospital,Functional,Hallel Specialist Hospital,,Lagelu,Tertiary
Specialist Hospital,Functional,Legus Specialist Hospital,,Mushin,Tertiary
Specialist Hospital,Functional,Emel Specialist Hospital,,Amuwo Odofin,Tertiary
Specialist Hospital,Functional,German Friendship Specialist Hospital,,Surulere,Tertiary
Specialist Hospital,Functional,Tj Medical Center and Specialist Eye Clinic,,Badagry,Tertiary
Specialist Hospital,Functional,Obichia Hospital,,Arochukwu,Tertiary
Specialist Hospital,Functional,2nd Division Military Hospital,,Akinyele,Tertiary
Specialist Hospital,Functional,Oluwakosehuntui Hospital,,Oluyole,Tertiary
Specialist Hospital,Functional,Hossanah Specialist Hospital,,Ibadan North,Tertiary
Specialist Hospital,Functional,Christus Specialist Hospital,,Ibadan North,Tertiary
Specialist Hospital,Functional,Al Noury Specialist Hospital,,Tarauni,Tertiary
Specialist Hospital,Functional,Taraba State Specialist Hospital,,Jalingo,Tertiary
Specialist Hospital,Functional,Daama Specialist Hospital,,Yola North,Tertiary
Specialist Hospital,Functional,Yola Specialist Hospital,,Yola North,Tertiary
Specialist Hospital,Functional,Medtop Specialist Hospital,,Ikom,Tertiary
Specialist Hospital,Functional,Heritage Specialist Clinic,,Calabar South,Tertiary
Specialist Hospital,Functional,Mattens Specialist Clinic,,Abak,Tertiary
Specialist Hospital,Functional,Ekop Specialist Clinic,,Uyo,Tertiary
Specialist Hospital,Functional,Odadiki Eye Hospital,,Port-Harcourt,Tertiary
Specialist Hospital,Functional,Mevom Specialist Clinic,,Calabar South,Tertiary
Specialist Hospital,Functional,Belma Specialist Clinic,,Calabar South,Tertiary
Specialist Hospital,Functional,Luciama Specialist Hospital,,Akpabuyo,Tertiary
Specialist Hospital,Functional,Group Specialist Homo Medical Center,,Akamkpa,Tertiary
Specialist Hospital,Functional,Kaizo Specialist Hospital,,Uyo,Tertiary
Specialist Hospital,Functional,Uwem Foundation Specialist Hospital,,Oron,Tertiary
Specialist Hospital,Functional,Nissi Specialist Hospital,,Uyo,Tertiary
Specialist Hospital,Functional,Cross River State Eye Care Programme,,Calabar South,Tertiary
Specialist Hospital,Functional,Ikom Tuberculosis Center,,Ikom,Tertiary
Specialist Hospital,Functional,Beachland Specialist Hospital,,Obafemi Owode,Tertiary
Specialist Hospital,Functional,Pillars Specialist Hospital,,Obafemi Owode,Tertiary
Specialist Hospital,Functional,St Annes Specialist Hospital,,Ibadan North,Tertiary
Specialist Hospital,Functional,Molly Specialist Hospital,,Ibadan North,Tertiary
Specialist Hospital,Functional,Narl Specialist Clinic,,Ibadan North,Tertiary
Specialist Hospital,Functional,Joy and Peace Specialist Hospital,,Ibadan South East,Tertiary
Specialist Hospital,Functional,Alpha Specialist Hospital,,Ibadan North,Tertiary
Medical Center,Functional,Agbeke Mercy Medical Center,,Ibadan North,Tertiary
Specialist Hospital,Functional,Chanchaga Leprosy Referal Hospital,,Paikoro,Tertiary
Specialist Hospital,Functional,St Micheal Israel Specialist Hospital,,Ijebu Ode,Tertiary
Specialist Hospital,Functional,Annunciation Specialist Hospital Dental Clinic,,Enugu East,Tertiary
Specialist Hospital,Functional,Jolaleke Specialist Hospital,,Ibadan South West,Tertiary
Specialist Hospital,Functional,Precious Life Specialist Clinic,,Ado-Ekiti,Tertiary
Specialist Hospital,Functional,Iman Specialist Hospital,,Ado-Ekiti,Tertiary
Specialist Hospital,Functional,Promise Land Specialist Hospital,,Egbedore,Tertiary
Specialist Hospital,Functional,Aishat Specialist Hospital,,Mushin,Tertiary
Specialist Hospital,Functional,Lumen Christi Specialist Hospital,,Ogbaru,Tertiary
Specialist Hospital,Functional,Oakland Specialist Hospital,,Idemili North,Tertiary
Specialist Hospital,Functional,Teju Specialist Hospital,,Oyo West,Tertiary
Specialist Hospital,Functional,Lifecare Specialist Hospital,,Ado-Ekiti,Tertiary
Specialist Hospital,Functional,Cornerstone Specialist Hospital,,Olorunda,Tertiary
Specialist Hospital,Functional,Ivory Specialist Hospital,,Aba North,Tertiary
Specialist Hospital,Functional,Ave Maria Specialist Hospital,,Orlu,Tertiary
Specialist Hospital,Functional,Olasubomi Specialist Hospital,,Ifako/Ijaye,Tertiary
Specialist Hospital,Functional,St Anna Specialist Hospital,,Eti Osa,Tertiary
Specialist Hospital,Functional,Kowa Specialist Hospital,,Ikeja,Tertiary
Specialist Hospital,Functional,Hope Restored Foundation Specialist Clinic Eye,,Ebonyi,Tertiary
Specialist Hospital,Functional,St Frances Specialist Clinic,,Ebonyi,Tertiary
Specialist Hospital,Functional,Heirs Specialist Hospital and Diagnostic Center,,Oye,Tertiary
Specialist Hospital,Functional,Olive Specialist Clinic,,Ado-Ekiti,Tertiary
Specialist Hospital,Functional,Supreme Specialist Hospital,,Ado-Ekiti,Tertiary
Specialist Hospital,Functional,Lovely Queens Care Specialist Hospital,,Ado-Ekiti,Tertiary
Specialist Hospital,Functional,Opopogboro Maternal Child Specialist Clinic,,Ado-Ekiti,Tertiary
Specialist Hospital,Functional,Greenfield Specialist Hospital,,Ido-Osi,Tertiary
Specialist Hospital,Functional,Potter Family Care Specialist Clinic,,Ado-Ekiti,Tertiary
Specialist Hospital,Functional,Angeled Specialist Clinic,,Aba North,Tertiary
Specialist Hospital,Functional,Todac Specialist Clinic,,Aba North,Tertiary
Specialist Hospital,Functional,Agu Specialist Hospital,,Aba South,Tertiary
Specialist Hospital,Functional,Christiana Specialist Hospital,,Owerri Municipal,Tertiary
Specialist Hospital,Functional,Femtob Specialist Hospital,,Ijebu Ode,Tertiary
Specialist Hospital,Functional,Dideolu Specialist Hospital,,Odogbolu,Tertiary
Specialist Hospital,Functional,Samaritan Specialist Clinic,,Makurdi,Tertiary
Specialist Hospital,Functional,Diaspora Clinic of Nwadinume Specialist Hospital,,Ezeagu,Tertiary
Specialist Hospital,Functional,Kenechukwu Specialist Hospital,,Enugu East,Tertiary
Specialist Hospital,Functional,Rlpha Specialist Hospital Urololgy Center,,Enugu East,Tertiary
Specialist Hospital,Functional,Virgo Potens Specialist Cardiology Hospital,,Enugu North,Tertiary
Specialist Hospital,Functional,Star Specialist Clinic,,Enugu South,Tertiary
Specialist Hospital,Functional,Al Fijir Specialist Hospital,,Sokoto South,Tertiary
Specialist Hospital,Functional,St Anthonys Specialist Hospital,,Ahiazu-Mbaise,Tertiary
Specialist Hospital,Functional,St Anthonys Catholic Specialist Hospital,,Okigwe,Tertiary
Specialist Hospital,Functional,Ola Iya Specialist Hospital,,Surulere,Tertiary
Specialist Hospital,Functional,St Gabriels Specialist Hospital,,Enugu East,Tertiary
Specialist Hospital,Functional,State Specialist Hospital,,Akure South,Tertiary
Specialist Hospital,Functional,State Specialist Hospital,,Akoko North East,Tertiary
Specialist Hospital,Functional,Akure Neuro Psychiatric Specialist Hospital,,Akure South,Tertiary
Specialist Hospital,Functional,Urban Specialist Hospital,,Uvwie,Tertiary
Specialist Hospital,Functional,Fruitful Specialist Clinic,,Oshimili South,Tertiary
Specialist Hospital,Functional,Alpha Specialist,,Oredo,Tertiary
Specialist Hospital,Functional,Lella Specialist Hospital,,Oredo,Tertiary
Specialist Hospital,Functional,Eseigbe Eigbe Specialist Clinic,,Oredo,Tertiary
Specialist Hospital,Functional,Nuel Specialist Clinic,,Ikpoba-Okha,Tertiary
Specialist Hospital,Functional,Sacred Heart Dental Clinic,,Uvwie,Tertiary
Specialist Hospital,Functional,Professional Eye Test,,Sapele,Tertiary
Specialist Hospital,Functional,Ozoro Tuberculosis Clinic,,Isoko North,Tertiary
Specialist Hospital,Functional,Shalom Dental Clinic,,Oredo,Tertiary
Specialist Hospital,Functional,Prime Optical and Eye Clinic,,Oredo,Tertiary
Specialist Hospital,Functional,Beehive Dental Services,,Oredo,Tertiary
Specialist Hospital,Functional,Tomsek Dental Clinic,,Oredo,Tertiary
Specialist Hospital,Functional,Rasheed Shekoni Specialist Hospital,,Dutse,Tertiary
Specialist Hospital,Functional,Assumpta Specialist Clinic,,Ebonyi,Tertiary
Specialist Hospital,Functional,Sahel Specialist Hospital,,Sokoto South,Tertiary
Specialist Hospital,Functional,Genial Specialist Clinic,,Ado-Ekiti,Tertiary
Specialist Hospital,Functional,Damaturu Specialist Hospital,,Damaturu,Tertiary
Specialist Hospital,Functional,Chiamaka Specialist Hospital,,Aguata,Tertiary
Specialist Hospital,Functional,Uzondu Specialist Hospital,,Idemili South,Tertiary
Specialist Hospital,Functional,Evens Specialist Hospital,,Ekwusigo,Tertiary
Specialist Hospital,Functional,Okonkowo Omega Specialist Hospital,,Nnewi North,Tertiary
Specialist Hospital,Functional,Myles Specialist Hospital,,Nnewi North,Tertiary
Specialist Hospital,Functional,Chicason Mannyo Specialist Hospital,,Nnewi North,Tertiary
Specialist Hospital,Functional,Lycopodium Specialist Hospital,,Nnewi South,Tertiary
Specialist Hospital,Functional,Chidera Specialist Hospital and Mertanity,,Aguata,Tertiary
Specialist Hospital,Functional,First Choice Specialist Hospital,,Idemili North,Tertiary
Specialist Hospital,Functional,Onitsha Specialist Hospital,,Onitsha North,Tertiary
Specialist Hospital,Functional,Runia Chisom Specialist Hospital,,Awka South,Tertiary
Specialist Hospital,Functional,Okoye Specialist Hospital,,Awka South,Tertiary
Specialist Hospital,Functional,Kuro Specialist Clinic,,Yenegoa,Tertiary
Specialist Hospital,Functional,Elyon Specialist Hospital,,Ibadan North East,Tertiary
Specialist Hospital,Functional,Odunkakin Specialist Hospital,,Ibadan South West,Tertiary
Specialist Hospital,Functional,Metropolitan Specialist Hospital,,Ibadan South West,Tertiary
Specialist Hospital,Functional,Bams Specialist Hospital,,Ibadan South West,Tertiary
Specialist Hospital,Functional,Motilayo Specialist Hospital,,Ibadan North East,Tertiary
Specialist Hospital,Functional,Lanark Specialist Hospital,,Ibadan South West,Tertiary
Specialist Hospital,Functional,Teju Specialist Hospital,,Saki West,Tertiary
Specialist Hospital,Functional,Hamstring Specialist Hospital,,Egbedore,Tertiary
Specialist Hospital,Functional,Jericho Specialist Hospital,,Ibadan North West,Tertiary
Specialist Hospital,Functional,Olivia Specialist Hospital,,Owerri Municipal,Tertiary
Specialist Hospital,Functional,County Specialist Hospital,,Ahiazu-Mbaise,Tertiary
Specialist Hospital,Functional,Oke Ode Specialist Hospital,,Ifelodun,Tertiary
Specialist Hospital,Functional,Jebba Specialist Hospital,,Moro,Tertiary
Specialist Hospital,Functional,Kanti Psychatric Hospital,,Kazaure,Tertiary
Medical Center,Functional,Hussein Medical Center,,Sokoto South,Tertiary
Specialist Hospital,Functional,Kware Federal Neuropsychiatric Hospital,,Kware,Tertiary
Specialist Hospital,Functional,Bone Center,,Wurno,Tertiary
Specialist Hospital,Functional,Tuberclosis and Leprosy Center,,Sabon Birni,Tertiary
Specialist Hospital,Functional,Elyon Eye Clinic,,Mushin,Tertiary
Specialist Hospital,Functional,Ozubulu Infant Welfare Clinic,,Nnewi South,Tertiary
Specialist Hospital,Functional,Ejioku Tuberculosis and Leprosy Clinic,,Lagelu,Tertiary
Specialist Hospital,Functional,National Blood Transfusion Service,,Ibadan North,Tertiary
Specialist Hospital,Functional,Omowumi Eye Clinic,,Ibadan South West,Tertiary
Specialist Hospital,Functional,Conac Optical Clinic Nig Ltd,,Ibadan South West,Tertiary
Specialist Hospital,Functional,Uchechukwu Hospital and Eye Specialist,,Mbatoli,Tertiary
Specialist Hospital,Functional,Infact Welfare Clinic,,Ikeduru,Tertiary
Specialist Hospital,Functional,Niger Optical Service,,Orlu,Tertiary
Specialist Hospital,Functional,St Marys Specialist Clinics and Dental Center,,Orlu,Tertiary
Specialist Hospital,Functional,Niger Optical Service,,Ideato North,Tertiary
Specialist Hospital,Functional,Eromon Specialist Hospital,,Amuwo Odofin,Tertiary
Specialist Hospital,Functional,The Heritage Specialist Clinics,,Eti Osa,Tertiary
Specialist Hospital,Functional,Nordica Fertility Center,,Lagos Mainland,Tertiary
Specialist Hospital,Functional,Moss Specialist Clinic,,Warri South,Tertiary
Specialist Hospital,Functional,Dental Clinic,,Warri South,Tertiary
Specialist Hospital,Functional,St Claire Specialist Clinic,,Mushin,Tertiary
Specialist Hospital,Functional,Adenike Fadeyibi Specialist Clinic,,Alimosho,Tertiary
Specialist Hospital,Functional,Mount Sinai Specialist Hospital,,Lagos Island,Tertiary
Specialist Hospital,Functional,Newday Specialist Clinic Hospital,,Surulere,Tertiary
Specialist Hospital,Functional,Khan Specialist Hospital,,Oshodi/Isolo,Tertiary
Private Non Profit,Functional,Pat Thomas Specialist Hospital,,Surulere,Tertiary
Specialist Hospital,Functional,Ajani Memorial Specialist,,Ajeromi/Ifelodun,Tertiary
Specialist Hospital,Functional,Baaji Specialist Hospital,,Ikeja,Tertiary
Specialist Hospital,Functional,Amesco Specialist Hospital,,Kosofe,Tertiary
Specialist Hospital,Functional,Budo Specialist Hospital,,Eti Osa,Tertiary
Specialist Hospital,Functional,Almighty Specialist Hospital,,Eti Osa,Tertiary
Specialist Hospital,Functional,Odonton Ville Dental Clinic,,Mushin,Tertiary
Specialist Hospital,Functional,Schubbs Dental Clinic,,Apapa,Tertiary
Specialist Hospital,Functional,T B S Federal Dental Clinic,,Lagos Island,Tertiary
Specialist Hospital,Functional,Shiyar Marina Specialist Hospital,,Sokoto South,Tertiary
Specialist Hospital,Functional,Rola Specialist Clinic,,Kosofe,Tertiary
Specialist Hospital,Functional,All Saints Specialist Hospital,,Orumba South,Tertiary
Specialist Hospital,Functional,Olumonrin Specialist Hospital,,Ado-Ekiti,Tertiary
Specialist Hospital,Functional,Eden Life Specialist Hospital,,Ado-Ekiti,Tertiary
Specialist Hospital,Functional,Six C Specialist Clinic,,Owerri North,Tertiary
Specialist Hospital,Functional,Trust Specialist Clinic,,Owerri Municipal,Tertiary
Specialist Hospital,Functional,Fatimoh Eye Clinic,,Nasarawa,Tertiary
Specialist Hospital,Functional,Obinic Eye Clinic,,Owerri Municipal,Tertiary
Specialist Hospital,Functional,Mercy Eye Clinic,,Owerri Municipal,Tertiary
Specialist Hospital,Functional,Freedom Dental Clinic,,Owerri Municipal,Tertiary
Specialist Hospital,Functional,City Eye Clinic,,Owerri Municipal,Tertiary
Specialist Hospital,Functional,Ab Specialist Hospital,,Ika North East,Tertiary
Specialist Hospital,Functional,Disshol Specialist Center,,Ijebu Ode,Tertiary
Specialist Hospital,Functional,Total Care Specialist Hospital,,Shagamu,Tertiary
Specialist Hospital,Functional,Goodluck Specialist Hospital,,Ipokia,Tertiary
Specialist Hospital,Functional,Twins Specialist Clinics,,Ado Odo/Ota,Tertiary
Specialist Hospital,Functional,Unique Specialist Clinic,,Shagamu,Tertiary
Specialist Hospital,Functional,Bitola Specialist Hospital,,Ijebu Ode,Tertiary
Specialist Hospital,Functional,Kings Care Specialist Clinic,,Shagamu,Tertiary
Specialist Hospital,Functional,Omo Anikiloya Specialist Hospital,,Ijebu Ode,Tertiary
Specialist Hospital,Functional,Imperial Specialist Hospital,,Shagamu,Tertiary
Specialist Hospital,Functional,Anka Psycitric Hospital,,Anka,Tertiary
Specialist Hospital,Functional,Victory Dental Clinic,,Ifo,Tertiary
Specialist Hospital,Functional,Yommx Dental Clinic,,Ijebu Ode,Tertiary
Specialist Hospital,Functional,Sacred Heart Tuberculosis Hospital,,Abeokuta South,Tertiary
Specialist Hospital,Functional,Oworu Specialist Hospital,,Ijebu Ode,Tertiary
Specialist Hospital,Functional,Overcommers Specialist Hospital,,Ikenne,Tertiary
Specialist Hospital,Functional,Dedeolu Specialist Hospital,,Ikenne,Tertiary
Specialist Hospital,Functional,Healing Hands Specialist Hospital,,Makurdi,Tertiary
Specialist Hospital,Functional,Gwer Leprosy Clinic,,Gwer East,Tertiary
Specialist Hospital,Functional,Mount Carmel Specialist Hospital,,Enugu North,Tertiary
Specialist Hospital,Functional,Mother of Christ Specialist Hospital,,Enugu North,Tertiary
Specialist Hospital,Functional,Ugo Specialist Clinic,,Nkanu East,Tertiary
Specialist Hospital,Functional,Alpha Specialist Hospital,,Enugu East,Tertiary
Specialist Hospital,Functional,St Brigides Specialist Hospital,,Enugu East,Tertiary
Specialist Hospital,Functional,Good Shepherd Specialist Hospital,,Enugu South,Tertiary
Specialist Hospital,Functional,Ave Maria Dental Center,,Enugu North,Tertiary
Specialist Hospital,Functional,Samaks Dental and Maxillo Facial Clinic,,Enugu South,Tertiary
Specialist Hospital,Functional,Honest Eye Clinic,,Enugu South,Tertiary
Specialist Hospital,Functional,D Bams Specialist Clinic Orthopaedics Matter,,Boripe,Tertiary
Specialist Hospital,Functional,St Marys Specialist Hospital,,Orlu,Tertiary
Specialist Hospital,Functional,Mary Ade Specialist Hospital,,Shomolu,Tertiary
Specialist Hospital,Functional,Olat Kings Care Specialist Clinic,,Shagamu,Tertiary
Specialist Hospital,Functional,Sev Av Foundation Specialist Clinic,,Vandeikya,Tertiary
Specialist Hospital,Functional,Flomer Garden Specialist Hospital,,Ondo West,Tertiary
Specialist Hospital,Functional,Sijuwade Specialist Hospital,,Akure South,Tertiary
Specialist Hospital,Functional,Momaak Specialist Hospital,,Akure South,Tertiary
Specialist Hospital,Functional,Fujah Specialist Hospital,,Akure South,Tertiary
Specialist Hospital,Functional,Hopeland Specialist Hospital,,Akure South,Tertiary
Specialist Hospital,Functional,Temidayo Specialist Hospital,,Akure South,Tertiary
Specialist Hospital,Functional,First Mercy Specialist Hospital,,Akure South,Tertiary
Specialist Hospital,Functional,Olusuen Specialist Hospital,,Akure South,Tertiary
Specialist Hospital,Functional,Fujah Specialist Hospital,,Akoko North East,Tertiary
Specialist Hospital,Functional,Aniso Specialist Hospital,,Egor,Tertiary
Specialist Hospital,Functional,Osunde Specialist Hospital,,Egor,Tertiary
Specialist Hospital,Functional,St Tude Specialist Hospital,,Etsako East,Tertiary
Specialist Hospital,Functional,Mayor Specialist Hospital,,Karu,Tertiary
Specialist Hospital,Functional,Mayday Specialist Hospital,,Municipal Area Council,Tertiary
Specialist Hospital,Functional,Arewa Specialist Hospital,,Municipal Area Council,Tertiary
Specialist Hospital,Functional,Alfad Specialist Medical Center,,Kuje,Tertiary
Specialist Hospital,Functional,Princess Mary Specialist Hospital,,Municipal Area Council,Tertiary
Specialist Hospital,Functional,Iduna Specialist Hospital,,Municipal Area Council,Tertiary
Specialist Hospital,Functional,Decency Amana Specialist Medical,,Municipal Area Council,Tertiary
Specialist Hospital,Functional,G and S Specialist Clinic,,Municipal Area Council,Tertiary
Specialist Hospital,Functional,Ufoma Specialist Hospital,,Mushin,Tertiary
Specialist Hospital,Functional,Primecare Specialist Clinic,,Umuahia North,Tertiary
Specialist Hospital,Functional,Eastern Specialist Hospital,,Nnewi North,Tertiary
Specialist Hospital,Functional,Symbol Specialist Hospital Nnewi,,Nnewi North,Tertiary
Specialist Hospital,Functional,Salvation Specialist Clinic,,Nnewi North,Tertiary
Specialist Hospital,Functional,Huse of Peace Specialist Clinic,,Mushin,Tertiary
Specialist Hospital,Functional,Paragon Specialist Hospital,,Ilesha West,Tertiary
Specialist Hospital,Functional,Olomola Specialist Hospital,,Olorunda,Tertiary
Specialist Hospital,Functional,Ogunsusi Specialist Hospital,,Ile Oluji/Okeigbo,Tertiary
Specialist Hospital,Functional,Ayo Specialist Hospital,,Ifedore,Tertiary
Specialist Hospital,Functional,Rohi Specialist Hospital,,Ifedore,Tertiary
Specialist Hospital,Functional,Olumorin Specialist Hosspital,,Ifedore,Tertiary
Specialist Hospital,Functional,Babalola Nine Wells Specialist Hospital,,Ifedore,Tertiary
Specialist Hospital,Functional,Sijuade Specialist,,Idanre,Tertiary
Specialist Hospital,Functional,Life Spring Specialist Hospital,,Owerri North,Tertiary
Specialist Hospital,Functional,Ejinkem Memorial Specialist Hospital,,Obowo,Tertiary
Specialist Hospital,Functional,Good Seed Specialist Clinic,,Oshodi/Isolo,Tertiary
Specialist Hospital,Functional,Ossiomo Specialist Hosital,,Orhionmwon,Tertiary
Specialist Hospital,Functional,Peniel Specialist Clinic,,Lagos Mainland,Tertiary
Specialist Hospital,Functional,Mojide Specialist Hospital,,Mushin,Tertiary
Specialist Hospital,Functional,Zolace Specialist Hospital,,Surulere,Tertiary
Specialist Hospital,Functional,Sheperd Specialist Hospital,,Amuwo Odofin,Tertiary
Specialist Hospital,Functional,Somito Specialist Hospital,,Amuwo Odofin,Tertiary
Specialist Hospital,Functional,Jones Specialist,,Lagos Mainland,Tertiary
Specialist Hospital,Functional,Faari Specialist Hospital,,Lagos Mainland,Tertiary
Specialist Hospital,Functional,Platinum Specialist Hospital,,Oshodi/Isolo,Tertiary
Specialist Hospital,Functional,Khaw Specialist Hospital,,Oshodi/Isolo,Tertiary
Specialist Hospital,Functional,Tent of Life Specialist,,Oshodi/Isolo,Tertiary
Specialist Hospital,Functional,Rao Specialist Hospital,,Surulere,Tertiary
Specialist Hospital,Functional,Elma Specialist Hospital,,Ifako/Ijaye,Tertiary
Specialist Hospital,Functional,New King Specialist Clinic,,Ifako/Ijaye,Tertiary
Specialist Hospital,Functional,Trustee Specialist Hospital,,Shomolu,Tertiary
Specialist Hospital,Functional,Model Specialist Hospital,,Surulere,Tertiary
Specialist Hospital,Functional,Eve Specialist Clinic,,Okigwe,Tertiary
Specialist Hospital,Functional,Dalhatu Araf Specialist Hospital,,Lafia,Tertiary
Specialist Hospital,Functional,Chicason Mannyou Specialist Hospital,,Idemili North,Tertiary
Specialist Hospital,Functional,Otun Specialist Hospital,,Moba,Tertiary
Specialist Hospital,Functional,Kolade Specialist Hospital,,Ado Odo/Ota,Tertiary
Specialist Hospital,Functional,Strong Tower Specialist Hospital,,Ifo,Tertiary
Specialist Hospital,Functional,Tayo Specialist Clinic,,Shagamu,Tertiary
Specialist Hospital,Functional,Joseph and Christianah Specialist Hospital,,Abeokuta North,Tertiary
Specialist Hospital,Functional,Divine Specialist Hospital,,Orlu,Tertiary
Specialist Hospital,Functional,Umuneke Mental Rehab Health Center,,Ngor-Okpala,Tertiary
Specialist Hospital,Functional,Tuberculosis and Leprosy Clinic,,Ilesha West,Tertiary
Specialist Hospital,Functional,Clinic Ophtalmology Psychiatry,,Enugu East,Tertiary
Specialist Hospital,Functional,Iyara Federal Specialist Clinic,,Ijumu,Tertiary
Specialist Hospital,Functional,Adiyele Federal Specialist Hospital,,Dekina,Tertiary
Specialist Hospital,Functional,Ikere Ekiti State Specialist Hospital,,Ikere,Tertiary
Specialist Hospital,Functional,State Specialist Hospital,,Ondo West,Tertiary
Specialist Hospital,Functional,State Specialist Hospital,,Ijero,Tertiary
Specialist Hospital,Functional,Ikole State Specialist Hospital,,Ikole,Tertiary
Specialist Hospital,Functional,Rounda Poychiatric Center,,Ebonyi,Tertiary
Specialist Hospital,Functional,Tobis Tuberculosis and Leprosy Clinic,,Yenegoa,Tertiary
Specialist Hospital,Functional,Imo State Specialist Hospital,,Owerri North,Tertiary
Specialist Hospital,Functional,Immanuel Specialist Eye Clinic,,Makurdi,Tertiary
Specialist Hospital,Functional,Public Health Unit Orthopoedic Hospital,,Enugu East,Tertiary
Specialist Hospital,Functional,Material Health Specialist and Fertility,,Enugu North,Tertiary
Specialist Hospital,Functional,Standard Specialist Hospital,,Tarauni,Tertiary
Specialist Hospital,Functional,Armed Forces Specialist Hospital,,Fagge,Tertiary
Specialist Hospital,Functional,Murtala Mohammed Specialist Hospital,,Kano Municipal,Tertiary
Specialist Hospital,Functional,Dawanau Psychiatric Hospital,,Tofa,Tertiary
Specialist Hospital,Functional,Dawanau Psychiatric Hospital,,Dawakin Tofa,Tertiary
Specialist Hospital,Functional,Hasiya Bayero Pediatric Hospital,,Kano Municipal,Tertiary
Specialist Hospital,Functional,Infectious Disease Hospital,,Fagge,Tertiary
Specialist Hospital,Functional,New H B Paediatric Hospital,,Tarauni,Tertiary
Specialist Hospital,Functional,Dental Hospital,,Tarauni,Tertiary
Specialist Hospital,Functional,Yadakunya Leprosy Center,,Ungogo,Tertiary
Specialist Hospital,Functional,National Orthopaedic Hospital Dala,,Dala,Tertiary
Specialist Hospital,Functional,Dr Abubakar Imam Urology Hospital,,Fagge,Tertiary
Specialist Hospital,Functional,Jimeta Maternal and Child Health Specialist Hospital,,Yola North,Tertiary
Specialist Hospital,Functional,Kanya Basic Obstetric Emergency Center,,Babura,Tertiary
Specialist Hospital,Functional,Aleiro Orthopaedic Hospital,,Aleiro,Tertiary
Specialist Hospital,Functional,Jega Psychiatric Mental Home,,Jega,Tertiary
Specialist Hospital,Functional,Women Specialist Clinic,,Chanchaga,Tertiary
Specialist Hospital,Functional,Limawa Leprosy Clinic,,Chanchaga,Tertiary
Specialist Hospital,Functional,Mustashfa Abdudalla Specialist Hospital,,Chanchaga,Tertiary
Specialist Hospital,Functional,Makera Ort Clinic,,Chanchaga,Tertiary
Specialist Hospital,Functional,Garkiya Children Specialist Hospital,,Chanchaga,Tertiary
Specialist Hospital,Functional,Ibb Specialist Hospital,,Paikoro,Tertiary
Specialist Hospital,Functional,Imani Specialist Hospital and Diagnostics,,Chanchaga,Tertiary
Specialist Hospital,Functional,Bay Specialist Hospital,,Chanchaga,Tertiary
Specialist Hospital,Functional,Bassey Ewun Specialist Medical Center,,Calabar South,Tertiary
Specialist Hospital,Functional,Gynescope Specialist Hospital,,Obio/Akpor,Tertiary
Specialist Hospital,Functional,Braithwaite Memo Specialist Hospital,,Port-Harcourt,Tertiary
Specialist Hospital,Functional,Kebara Kira Specialist Hospital,,Tai,Tertiary
Specialist Hospital,Functional,Peoples Specialist Clinic,,Calabar South,Tertiary
Specialist Hospital,Functional,Potters Touch Specialist Clinic,,Obio/Akpor,Tertiary
Specialist Hospital,Functional,Supreme Specialist Clinic,,Ikom,Tertiary
Specialist Hospital,Functional,Libson Specialist Hospital,,Ukanafun,Tertiary
Specialist Hospital,Functional,Dan Abia Specialist Clinic,,Itu,Tertiary
Specialist Hospital,Functional,Rapha Specialist Clinic,,Itu,Tertiary
Specialist Hospital,Functional,Etuknwa Specialist Clinic,,Uyo,Tertiary
Specialist Hospital,Functional,Jeconiah Specialist Hospital,,Uyo,Tertiary
Specialist Hospital,Functional,Domingo Specialist Hospital,,Uyo,Tertiary
Specialist Hospital,Functional,Staphender Specialist Clinic,,Uyo,Tertiary
Specialist Hospital,Functional,El Specialist Hospitals,,Ikwerre,Tertiary
Specialist Hospital,Functional,Queen Esther Specialist Hospital,,Port-Harcourt,Tertiary
Specialist Hospital,Functional,Madona Specialist Hospital,,Ikwerre,Tertiary
Specialist Hospital,Functional,Eli Johnson Specialist Hospital,,Obio/Akpor,Tertiary
Specialist Hospital,Functional,Braithweith Memorial Specialist Hospital,,Port-Harcourt,Tertiary
Specialist Hospital,Functional,Delta Specialist Hospital,,Bonny,Tertiary
Specialist Hospital,Functional,St Elizabeth Specialist Hospital,,Obio/Akpor,Tertiary
Specialist Hospital,Functional,Winners Dental Clinic,,Uyo,Tertiary
Specialist Hospital,Functional,Majesty Hospital and Eye Clinic,,Uyo,Tertiary
Specialist Hospital,Functional,Dd Eye Clinic,,Port-Harcourt,Tertiary
Specialist Hospital,Functional,Infant General Welfare Clinic,,Bonny,Tertiary
Specialist Hospital,Functional,Lavinda Eye Specialist Hospital and Laser Center,,Port-Harcourt,Tertiary
Specialist Hospital,Functional,Infant Welfare Clinic,,Emuoha,Tertiary
Specialist Hospital,Functional,Ancilla Medical and Eye Clinic,,Obio/Akpor,Tertiary
Specialist Hospital,Functional,Linsolar Eye Clinic,,Obio/Akpor,Tertiary
Specialist Hospital,Functional,Rumuigbo Neuro Psychiatric Hospital,,Obio/Akpor,Tertiary
Specialist Hospital,Functional,Infant Welfare Clinic,,Ikwerre,Tertiary
Specialist Hospital,Functional,Madonna Specialist Hospital Nig Ltd,,Calabar South,Tertiary
Specialist Hospital,Functional,County Specialist Hospital,,Ikom,Tertiary
Specialist Hospital,Functional,Nya Specialist Clinic,,Calabar South,Tertiary
Specialist Hospital,Functional,Rapha Specialist Clinic,,Uyo,Tertiary
Specialist Hospital,Functional,Abasiekeme Specialist,,Eket,Tertiary
Specialist Hospital,Functional,Estate Specialist Clinic,,Uyo,Tertiary
Specialist Hospital,Functional,Uwakmfon Specialist Clinic,,Uyo,Tertiary
Specialist Hospital,Functional,Mbembe Presbyterian Tuberculosis Leprosy Hospital,,Obubra,Tertiary
Specialist Hospital,Functional,Nedeke Pedeatric Hospital,,Uyo,Tertiary
Specialist Hospital,Functional,Safe Specialist Hospital,,Kaduna South,Tertiary
Specialist Hospital,Functional,Nit Health Center,,Kaduna North,Tertiary
Specialist Hospital,Functional,Multi Clinic Special Hospital,,Kaduna North,Tertiary
Specialist Hospital,Functional,Hajia Asmau Makarfi Health Clinic,,Kaduna South,Tertiary
Specialist Hospital,Functional,Potiskum Leprosy Clinic,,Potiskum,Tertiary
Specialist Hospital,Functional,Katsina Specialist Clinic,,Katsina,Tertiary
Specialist Hospital,Functional,New Day Specialist Hospital Medical and Surgical Center,,Obafemi Owode,Tertiary
Specialist Hospital,Functional,Iyaniwura Specialist Hospital,,Obafemi Owode,Tertiary
Specialist Hospital,Functional,Molisa Specialist Hospital Academy,,Ibadan South East,Tertiary
Specialist Hospital,Functional,Dada Okelele Specialist Hospital,,Ilorin South,Tertiary
Specialist Hospital,Functional,Igboro Children Specialist Hospital Center,,Ilorin South,Tertiary
Specialist Hospital,Functional,Sobi Specialist Hospital,,Ilorin South,Tertiary
Specialist Hospital,Functional,Infant Warfare Clinic,,Pategi,Tertiary
Specialist Hospital,Functional,Barau Dikko Specialist Hospital,,Kaduna North,Tertiary
General Hospital,Functional,Kudan General Hospital,,Kudan,Tertiary
General Hospital,Functional,Kawo General Hospital,,Kaduna North,Tertiary
General Hospital,Functional,Rigasa General Hospital,,Igabi,Tertiary
General Hospital,Functional,Pambegua General Hospital,,Kubau,Tertiary
General Hospital,Functional,Gulu General Hospital,,Lapai,Tertiary
General Hospital,Functional,Makarfi General Hospital,,Makarfi,Tertiary
Specialist Hospital,Functional,Irrua Specialist Teaching Hospital,,Esan Central,Tertiary
Specialist Hospital,Functional,Edmunds Specialist Hospital,,Ogbaru,Tertiary
Specialist Hospital,Functional,Obadike Specialist Hospital,,Onitsha North,Tertiary
Specialist Hospital,Functional,Ace Specialist Hospital and Surgery,,Onitsha North,Tertiary
Specialist Hospital,Functional,Holy Trinity Specialist Hospital,,Nnewi North,Tertiary
Specialist Hospital,Functional,New Era Specialist Hospital,,Onitsha South,Tertiary
Specialist Hospital,Functional,St Lwangas Specialist Hospital,,Ogbaru,Tertiary
Specialist Hospital,Functional,Divine Favour Specialist Hospital,,Onitsha North,Tertiary
Specialist Hospital,Functional,Government Chest Clinic,,Ife North,Tertiary
Specialist Hospital,Functional,Nigerian Health Specialists Hospital,,Onitsha North,Tertiary
Specialist Hospital,Functional,Adi Specialist Clinic,,Calabar Municipal,Tertiary
Specialist Hospital,Functional,Amazing Grace Specialist Clinic,,Calabar Municipal,Tertiary
Specialist Hospital,Functional,Mary Mother of Mercy Specialist Clinic,,Calabar Municipal,Tertiary
Specialist Hospital,Functional,A Dolat Specialist Hospital,,Ife Central,Tertiary
Specialist Hospital,Functional,Jordan Specialist Hospital,,Olorunda,Tertiary
Specialist Hospital,Functional,Spring Hope Specialist Hospital,,Olorunda,Tertiary
Specialist Hospital,Functional,Royal City Specialist Hospital,,Olorunda,Tertiary
Specialist Hospital,Functional,Makon Specialist Hospital,,Onitsha South,Tertiary
Specialist Hospital,Functional,Mayfair Specialist Hospital,,Onitsha South,Tertiary
Specialist Hospital,Functional,Golden Specialist Hospital,,Onitsha North,Tertiary
Specialist Hospital,Functional,Grace Specialist Hospital,,Onitsha North,Tertiary
Specialist Hospital,Functional,Nwokolo Specialist Hospital,,Onitsha North,Tertiary
Specialist Hospital,Functional,St Joseph Specialist Hospital,,Onitsha North,Tertiary
Specialist Hospital,Functional,Venik Specialist Hospital,,Onitsha North,Tertiary
Specialist Hospital,Functional,Faith Specialist Hospital,,Olorunda,Tertiary
Specialist Hospital,Functional,Nkeoma Specialist Clinic,,Onitsha South,Tertiary
Specialist Hospital,Functional,Divine Specialist Hospital,,Nnewi North,Tertiary
Specialist Hospital,Functional,Chioma Specialist Hospital,,Nnewi North,Tertiary
Specialist Hospital,Functional,Classic Specialist Hospital,,Onitsha South,Tertiary
Specialist Hospital,Functional,Goshen Specialist Hospital,,Ife Central,Tertiary
Medical Center,Functional,Biker Medical Center,,Olorunda,Tertiary
Specialist Hospital,Functional,Calabar Federal Neuropsychiatric Hospital,,Calabar Municipal,Tertiary
Specialist Hospital,Functional,Central Specialist Clinic,,Calabar Municipal,Tertiary
Specialist Hospital,Functional,Faith Foundation Specialist Clinic,,Calabar Municipal,Tertiary
Specialist Hospital,Functional,Arubah Specialist Hospital,,Calabar Municipal,Tertiary
Specialist Hospital,Functional,Dominion Specialist Clinic,,Ikot Ekpene,Tertiary
Specialist Hospital,Functional,Infectious Disease Hospital,,Ikot Ekpene,Tertiary
Specialist Hospital,Functional,Ozara Progressive Hospital,,Oru West,Tertiary
Specialist Hospital,Functional,Adebare Specialist Hospital,,Osogbo,Tertiary
Specialist Hospital,Functional,Crystal Cross Specialist Hospital,,Osogbo,Tertiary
Specialist Hospital,Functional,Salutem Rapha Specialist Hospital,,Idemili South,Tertiary
Specialist Hospital,Functional,Standard Specialist Hospital,,Onicha,Tertiary
Specialist Hospital,Functional,Renaissance Specialist Clinic,,Shagamu,Tertiary
Specialist Hospital,Functional,Joseph and Christianah Specialist Hospital,,Abeokuta South,Tertiary
Specialist Hospital,Functional,Trinity Specialist Clinic,,Shagamu,Tertiary
Specialist Hospital,Functional,Pishon Women Specialist Clinic,,Makurdi,Tertiary
Specialist Hospital,Functional,Millennium Specialist Hospital,,Enugu East,Tertiary
Specialist Hospital,Functional,Etex Dental Clinic,,Abeokuta South,Tertiary
Specialist Hospital,Functional,Ugo Specialist Hospital,,Enugu East,Tertiary
Specialist Hospital,Functional,State Specialist Hospital,,Olorunda,Tertiary
Specialist Hospital,Functional,Dental Subdistrict Hospital,,Enugu North,Tertiary
Specialist Hospital,Functional,Ebenezer Specialist Hospital,,Osogbo,Tertiary
Specialist Hospital,Functional,Victory Specialist,,Osogbo,Tertiary
Specialist Hospital,Functional,Ayinke Specialist Hospital,,Osogbo,Tertiary
Specialist Hospital,Functional,Lorencis Specialist Hospital,,Enugu South,Tertiary
Specialist Hospital,Functional,Calif Children Specialist Clinic,,Enugu North,Tertiary
Specialist Hospital,Functional,Mount Horeb Clinic and Dialysis Center,,Warri South,Tertiary
Specialist Hospital,Functional,Ayodabo Specialist Hospital,,Osogbo,Tertiary
Specialist Hospital,Functional,Teem Clinic and Dental Center,,Uvwie,Tertiary
Specialist Hospital,Functional,Tuberculosis and Leprosy Hospital,,Ethiope East,Tertiary
Specialist Hospital,Functional,Masaka Specialist Clinic,,Karu,Tertiary
Specialist Hospital,Functional,Andreg Dental Clinic,,Ethiope East,Tertiary
Specialist Hospital,Functional,Abeokuta Kidney Clinic,,Abeokuta South,Tertiary
Specialist Hospital,Functional,Bestway Specialist Hospital,,Shagamu,Tertiary
Specialist Hospital,Functional,New Vision Specialist Center,,Abeokuta South,Tertiary
Specialist Hospital,Functional,Otunba Tunwase National Peadiatric Center,,Ijebu Ode,Tertiary
Specialist Hospital,Functional,National Orthopedic Hospital,,Enugu East,Tertiary
Specialist Hospital,Functional,First Dental Clinic,,Enugu North,Tertiary
Specialist Hospital,Functional,Spring Field Eye Center,,Enugu South,Tertiary
Specialist Hospital,Functional,Ropheka Specialist Clinic,,Ika South,Tertiary
Specialist Hospital,Functional,St Bridgets Specialist Hospital,,Enugu South,Tertiary
Specialist Hospital,Functional,Ntasi Obi Specialist Hospital,,Enugu East,Tertiary
Specialist Hospital,Functional,His Strips Specialist Hospital,,Enugu North,Tertiary
Specialist Hospital,Functional,Eku Specialist Hospital,,Ethiope East,Tertiary
Specialist Hospital,Functional,Ntasi Obi Ndi Catholic Community Specialist Hospital,,Enugu East,Tertiary
Specialist Hospital,Functional,East Wind Specialist Eye Hospital,,Abeokuta South,Tertiary
Specialist Hospital,Functional,Wawa Annex Tuberculosis Clinic,,Borgu,Tertiary
Specialist Hospital,Functional,Holofirld Specialist,,Eket,Tertiary
Specialist Hospital,Functional,Ajala Memorial Specialist Hospital,,Osogbo,Tertiary
Specialist Hospital,Functional,Homocare Gracious Hospital and Specialist Clinics,,Osogbo,Tertiary
